segment_id,time_to_first_action,inter_event_std,path_efficiency,velocity_variance,hover_time_before_click,scroll_variance,error_behavior,predicted_human,predicted_label,confidence_bot,confidence_human
human_20260404_225428_jrhosi,0.0,291.2686458443025,1.0,3.8751577836713036,0.0,63.47205707491081,0.0,1,HUMAN,0.012260612559295891,0.9877393874407041
human_20260404_233911_yj1xyc,0.0,7255.5354232551845,1.0,4.877979109815213,0.0,172.38317479191443,0.05172413793103448,1,HUMAN,0.009407438730086981,0.990592561269913
human_20260404_233911_yj1xyc,377.0,7576.367678851078,1.0,2.940490578407003,0.0,117.10344827586206,0.0,1,HUMAN,0.019561988072144376,0.9804380119278556
agent_20260404_225751_ma0k4j,0.0,262.3810122693519,1.0,0.5348494548784111,0.0,4368.56,0.0,0,BOT,0.9635212905773693,0.036478709422630644
